<?xml version="1.0" encoding="UTF-8" ?>
<!-- Generated by Oracle SOA Modeler version 12.2.1.3.0.170820 at [2020/12/03 3:10 PM]. -->
<composite name="BusinessRuleApp"
           revision="1.0"
           label="2020-12-03_15-10-06_605"
           mode="active"
           state="on"
           xmlns="http://xmlns.oracle.com/sca/1.0"
           xmlns:xs="http://www.w3.org/2001/XMLSchema"
           xmlns:wsp="http://schemas.xmlsoap.org/ws/2004/09/policy"
           xmlns:orawsp="http://schemas.oracle.com/ws/2006/01/policy"
           xmlns:ui="http://xmlns.oracle.com/soa/designer/"
           xmlns:sca-ext="http://xmlns.oracle.com/sca/1.0-ext">
  <import namespace="http://xmlns.oracle.com/SOA_DEMO/BusinessRuleApp/DemoBusinessRule"
          location="WSDLs/DemoBusinessRule.wsdl" importType="wsdl"/>
  <import namespace="http://xmlns.oracle.com/DemoBSRule/DemoBSRule_DecisionService_1"
          location="WSDLs/DemoBSRule_DecisionService_1.wsdl" importType="wsdl"/>
  <import namespace="http://xmlns.oracle.com/DemoBSRule/DemoBSRule_DecisionService_1"
          location="WSDLs/DemoBSRule_DecisionService_1Wrapper.wsdl" importType="wsdl"/>
  <service name="demobusinessrule_client_ep" ui:wsdlLocation="WSDLs/DemoBusinessRule.wsdl">
    <interface.wsdl interface="http://xmlns.oracle.com/SOA_DEMO/BusinessRuleApp/DemoBusinessRule#wsdl.interface(DemoBusinessRule)"/>
    <binding.ws port="http://xmlns.oracle.com/SOA_DEMO/BusinessRuleApp/DemoBusinessRule#wsdl.endpoint(demobusinessrule_client_ep/DemoBusinessRule_pt)"/>
  </service>
  <property name="productVersion" type="xs:string" many="false">12.2.1.3.0.170820</property>
  <property name="compositeID" type="xs:string" many="false">5035f651-0601-486d-92ea-1d37d66da036</property>
  <component name="DemoBusinessRule" version="2.0">
    <implementation.bpel src="BPEL/DemoBusinessRule.bpel"/>
    <componentType>
      <service name="demobusinessrule_client" ui:wsdlLocation="WSDLs/DemoBusinessRule.wsdl">
        <interface.wsdl interface="http://xmlns.oracle.com/SOA_DEMO/BusinessRuleApp/DemoBusinessRule#wsdl.interface(DemoBusinessRule)"/>
      </service>
      <reference name="DemoBSRule.DemoBSRule_DecisionService_1"
                 ui:wsdlLocation="WSDLs/DemoBSRule_DecisionService_1Wrapper.wsdl">
        <interface.wsdl interface="http://xmlns.oracle.com/DemoBSRule/DemoBSRule_DecisionService_1#wsdl.interface(IDecisionService)"/>
      </reference>
    </componentType>
    <property name="bpel.config.transaction" type="xs:string" many="false">required</property>
  </component>
  <component name="DemoBSRule">
    <implementation.decision src="DemoBSRule.decs"/>
    <componentType>
      <service name="DemoBSRule_DecisionService_1" ui:wsdlLocation="WSDLs/DemoBSRule_DecisionService_1.wsdl">
        <interface.wsdl interface="http://xmlns.oracle.com/DemoBSRule/DemoBSRule_DecisionService_1#wsdl.interface(IDecisionService)"/>
      </service>
    </componentType>
  </component>
  <wire>
    <source.uri>demobusinessrule_client_ep</source.uri>
    <target.uri>DemoBusinessRule/demobusinessrule_client</target.uri>
  </wire>
  <wire>
    <source.uri>DemoBusinessRule/DemoBSRule.DemoBSRule_DecisionService_1</source.uri>
    <target.uri>DemoBSRule/DemoBSRule_DecisionService_1</target.uri>
  </wire>
</composite>
