<?xml version = '1.0' encoding = 'UTF-8'?>
<graphics>
   <diagram optimizeLayout="false" fixedWidthSwimlanes="true" roundedPartnerlinks="true" centerZoom="true" validateOnLoad="true" confirmBeforeDelete="true" selectedPartnerLinkColor="49,105,198" swimlaneBackground="240,240,240" swimlaneDividerBackground="218,218,218" graphBackground="255,255,255" selectedBorderBackground="49,105,198" connectedPartnerLinkColor="204,204,255" connectablePartnerLinkColor="0,0,255" unconnectedPartnerLinkColor="192,192,192"/>
   <annotationfile/>
   <iconize/>
   <partnerlink_locations>
      <partnerlink name="demobusinessrule_client" x="0" y="189" side="left"/>
      <partnerlink name="DemoBSRule.DemoBSRule_DecisionService_1" x="697" y="24" side="right"/>
   </partnerlink_locations>
   <graph_layout viewport="0,0,930,397" show_swimlanes="true">
      <layout_item collapsed="false" xpath="/process" type="process" showhandlers="true"/>
      <layout_item collapsed="false" xpath="/process/sequence" type="sequence"/>
      <layout_item collapsed="true" xpath="/process/sequence/scope" type="rule" showhandlers="true"/>
      <layout_item collapsed="false" xpath="/process/sequence/scope/sequence" type="sequence"/>
   </graph_layout>
   <bookmarks/>
</graphics>
