<?xml version="1.0" encoding="UTF-8"?>
<dgm:gDiagram xmlns:dgm="http://xmlns.oracle.com/sca/soadgm">
    <dgm:gService name="demobusinessrule_client_ep">
        <dgm:body borderWidth="2" arcRad="20" X="21" Y="41" width="137" height="84">
            <dgm:borderColor r="153" g="153" b="153"/>
            <dgm:bgColor r="255" g="255" b="255"/>
        </dgm:body>
        <dgm:shadow arcRad="20" X="11" Y="34" width="156" height="98">
            <dgm:bgColor r="196" g="228" b="240"/>
        </dgm:shadow>
        <dgm:outputPort name="demobusinessrule_client_ep" X="127" Y="0" diameter="20" imageURI="oracle/tip/tools/ide/fabric/resource/image/visuals_rd1/servicereference.png" interface="http://xmlns.oracle.com/SOA_DEMO/BusinessRuleApp/DemoBusinessRule#wsdl.interface(DemoBusinessRule)"/>
        <dgm:nodeIcon URI="/oracle/tip/tools/ide/adapters/designtime/adapter/images/soap_service_20x20.png" X="20" Y="4" width="20" height="20"/>
        <dgm:operations>
            <dgm:item>process</dgm:item>
        </dgm:operations>
    </dgm:gService>
    <dgm:gComponent name="DemoBusinessRule">
        <dgm:body borderWidth="2" arcRad="20" X="279" Y="26" width="130" height="61">
            <dgm:borderColor r="69" g="113" b="140"/>
            <dgm:lightBgColor r="166" g="208" b="230"/>
            <dgm:darkBgColor r="99" g="162" b="201"/>
        </dgm:body>
        <dgm:shadow arcRad="20" X="269" Y="19" width="150" height="77">
            <dgm:bgColor r="196" g="228" b="240"/>
        </dgm:shadow>
        <dgm:inputPort name="demobusinessrule_client" X="-10" Y="15" diameter="20" imageURI="oracle/tip/tools/ide/fabric/resource/image/visuals_rd1/servicereference.png" interface="http://xmlns.oracle.com/SOA_DEMO/BusinessRuleApp/DemoBusinessRule#wsdl.interface(DemoBusinessRule)"/>
        <dgm:outputPort name="DemoBSRule.DemoBSRule_DecisionService_1" X="120" Y="15" diameter="20" imageURI="oracle/tip/tools/ide/fabric/resource/image/visuals_rd1/servicereference.png" interface="http://xmlns.oracle.com/DemoBSRule/DemoBSRule_DecisionService_1#wsdl.interface(IDecisionService)"/>
        <dgm:nodeIcon URI="/oracle/tip/tools/ide/bpel/shared/plugins/resources/images/soa/process_20x20.png" X="10" Y="4" width="20" height="20"/>
    </dgm:gComponent>
    <dgm:gComponent name="DemoBSRule">
        <dgm:body borderWidth="2" arcRad="20" X="530" Y="26" width="130" height="61">
            <dgm:borderColor r="178" g="138" b="53"/>
            <dgm:lightBgColor r="255" g="226" b="142"/>
            <dgm:darkBgColor r="255" g="198" b="77"/>
        </dgm:body>
        <dgm:shadow arcRad="20" X="520" Y="19" width="150" height="77">
            <dgm:bgColor r="196" g="228" b="240"/>
        </dgm:shadow>
        <dgm:inputPort name="DemoBSRule_DecisionService_1" X="-10" Y="15" diameter="20" imageURI="oracle/tip/tools/ide/fabric/resource/image/visuals_rd1/servicereference.png" interface="http://xmlns.oracle.com/DemoBSRule/DemoBSRule_DecisionService_1#wsdl.interface(IDecisionService)"/>
        <dgm:nodeIcon URI="/oracle/tip/tools/ide/rules/plugins/resources/images/soa/decision_20x20.png" X="10" Y="4" width="20" height="20"/>
    </dgm:gComponent>
    <dgm:gWireLink source="demobusinessrule_client_ep" target="DemoBusinessRule/demobusinessrule_client" width="2">
        <dgm:gSegment X1="168" Y1="51" X2="269" Y2="51"/>
        <dgm:baseColor r="153" g="153" b="153"/>
        <dgm:selectedColor r="49" g="106" b="196"/>
    </dgm:gWireLink>
    <dgm:gWireLink source="DemoBusinessRule/DemoBSRule.DemoBSRule_DecisionService_1" target="DemoBSRule/DemoBSRule_DecisionService_1" width="2">
        <dgm:gSegment X1="419" Y1="51" X2="520" Y2="51"/>
        <dgm:baseColor r="153" g="153" b="153"/>
        <dgm:selectedColor r="49" g="106" b="196"/>
    </dgm:gWireLink>
</dgm:gDiagram>